,name,year,duration,description,genre,country
0,Побег из Шоушенка,1994,2h 22m,"Банкир, осужденный за уксорицид, образует дружбу за четверть века с закаленным осужденным, сохраняя при этом его невиновность и пытаясь оставаться надежды на простое сострадание.","['Эпический', 'Период драма', 'Тюремная драма', 'Драма']",United States
1,Крестный отец,1972,2h 55m,Старение патриарха организованной криминальной династии передает контроль над его тайной империей его неохотному сыну.,"['Эпический', 'Гангстер', 'Трагедия', 'Преступление', 'Драма']",United States
2,Тёмный рыцарь,2008,2h 32m,"Когда угроза, известная как Джокер, наносит ущерб и хаос народах Готэма, Бэтмен, Джеймс Гордон и Харви Дент должны работать вместе, чтобы положить конец безумию.","['Действие Эпик', 'Эпический', 'Супергерой', 'Трагедия', 'Действие', 'Преступление', 'Драма', 'Триллер']",United States
3,Крестный отец 2,1974,3h 22m,"Ранняя жизнь и карьера Вито Корлеоне в 1920 -х годах изображаются, в то время как его сын Майкл расширяет и подтягивает свою власть в отношении синдиката по семейной преступности.","['Эпический', 'Гангстер', 'Трагедия', 'Преступление', 'Драма']",United States
4,12 разгневанных мужчин,1957,1h 36m,"Присяжные в суде по делу об убийстве в Нью -Йорке разочарованы одним членом, чей скептически осторожность заставляет их более тщательно рассмотреть доказательства, прежде чем принять поспешное приговор.","['Юридическая драма', 'Психологическая драма', 'Преступление', 'Драма']",United States
5,Властелин колец: Возвращение короля,2003,3h 21m,"Гандальф и Арагорн ведут мир людей против армии Саурона, чтобы привлечь свой взгляд от Фродо и Сэма, когда они приближаются к Маунт -Дум с одним кольцом.","['Действие Эпик', 'Приключенческий эпос', 'Эпический', 'Фэнтезийный эпический', 'Горные приключения', 'Квест', 'Меч и колдовство', 'Трагедия', 'Приключение', 'Драма']",New Zealand
6,Список Шиндлера,1993,3h 15m,"В оккупированной немецкой Поль году во время Второй мировой войны промышленный Оскар Шиндлер постепенно заинтересован в своей еврейской рабочей силе после того, как нацисты были свидетелем их преследования со стороны нацистов.","['Docudrama', 'Эпический', 'Исторический эпический', 'Период драма', 'Тюремная драма', 'Трагедия', 'Биография', 'Драма', 'История']",United States
7,Криминальное чтиво,1994,2h 34m,"Жизнь двух наемников толпы, боксера, гангстера и его жены, и пары закусочных бандитов переплетаются в четырех сказках о насилии и искуплении.","['Темная комедия', 'Преступление на наркотиках', 'Гангстер', 'Преступление', 'Драма']",United States
8,Властелин колец: Братство кольца,2001,2h 58m,"Крутый хоббит из Шира и восемь компаньонов отправился в путешествие, чтобы уничтожить мощное кольцо и спасти Средиземье от Темного лорда Саурона.","['Действие Эпик', 'Приключенческий эпос', 'Эпический', 'Фэнтезийный эпический', 'Квест', 'Меч и колдовство', 'Приключение', 'Драма', 'Фантастика']",New Zealand
9,"Хороший, плохой, злой",1966,2h 41m,"Мошенничество на щедрости присоединяется к двум мужчинам в непростительном союзе против третьего в гонке, чтобы найти целое состояние в золоте, похороненное на отдаленном кладбище.","['Приключенческий эпос', 'Темная комедия', 'Пустынное приключение', 'Эпический', 'Период драма', 'Квест', 'Спагетти Вестерн', 'Западный Эпик', 'Приключение', 'Западный']",Italy
10,Форрест Гамп,1994,2h 22m,"История Соединенных Штатов с 1950 -х годов до 70 -х годов разворачивается с точки зрения мужчины из Алабамы с IQ из 75 лет, который жаждет воссоединиться со своей детской возлюбленной.","['Эпический', 'Драма', 'Роман']",United States
11,Властелин колец: Две крепости,2002,2h 59m,"В то время как Фродо и Сэм Эдж ближе к Мордору с помощью Shifty Gollum, разделенное общение выступает против нового союзника Саурона, Сарумана и его полщиков Исигарда.","['Действие Эпик', 'Приключенческий эпос', 'Темная фантазия', 'Эпический', 'Фэнтезийный эпический', 'Квест', 'Меч и колдовство', 'Приключение', 'Драма', 'Фантастика']",New Zealand
12,Бойцовский клуб,1999,2h 19m,"Офисный работник бессонницы и производитель мыльной помощи дьяволам образуют подземный бой-клуб, который превращается в гораздо больше.","['Психологическая драма', 'Психологический триллер', 'Драма на рабочем месте', 'Преступление', 'Драма', 'Триллер']",Germany
13,Начало,2010,2h 28m,"Вор, который крадет корпоративные секреты с помощью технологии совместного использования мечты, дает обратную задачу посадки идеи в сознание C.E.O., но его трагическое прошлое может обребить профессионал ... прочитать все","['Действие Эпик', 'Приключенческий эпос', 'Эпический', 'Психологический триллер', 'Научно-фантастическая эпопея', 'Действие', 'Приключение', 'Научная фантастика', 'Триллер']",United States
14,Звёздные войны: Эпизод 5 - Империя наносит ответный удар,1980,2h 4m,"После того, как Империя одолевает альянс повстанцев, Люк Скайуокер начинает тренироваться с мастером Джедай Йода, в то время как Дарт Вейдер и охотник за головами Боба Фетт преследуют своих друзей через галактику.","['Действие Эпик', 'Приключенческий эпос', 'Темная фантазия', 'Эпический', 'Фэнтезийный эпический', 'Globetrotting Adventure', 'Квест', 'Научно-фантастическая эпопея', 'Космическая научная фантастика', 'Меч и колдовство']",United States
15,Матрица,1999,2h 16m,"Когда прекрасный незнакомец приводит компьютерного хакера Нео к запрещенному подземному миру, он обнаруживает шокирующую правду-жизнь, которую он знает,-это сложный обман злой кибер-интеллекты.","['Действие Эпик', 'Искусственный интеллект', 'Киберпанк', 'Дистопическая научная фантастика', 'Gun Fu', 'Боевые искусства', 'Научно-фантастическая эпопея', 'Действие', 'Научная фантастика']",United States
16,Славные парни,1990,2h 25m,"История Генри Хилла и его жизни в мафии, освещая его отношения с его женой Карен и его партнерами по толпике Джимми Конвея и Томми Девито.","['Docudrama', 'Гангстер', 'Истинное преступление', 'Биография', 'Преступление', 'Драма']",United States
17,Пролетая над гнездом кукушки,1975,2h 13m,"Осенью 1963 года ветеран Корейской войны и преступник умоляет безумие и поступает в психиатрическое учреждение, где он снимает испуганных пациентов против тиранической медсестры.","['Медицинская драма', 'Психологическая драма', 'Драма']",United States
18,Интерстеллар,2014,2h 49m,"Когда в будущем Земля станет необитаемой, фермеру и бывшему пилоту на NASA Джозеф Купер поручено пилотировать космический корабль вместе с командой исследователей, чтобы найти новую планету для людей.","['Приключенческий эпос', 'Эпический', 'Квест', 'Научно-фантастическая эпопея', 'Космическая научная фантастика', 'Путешествие во времени', 'Приключение', 'Драма', 'Научная фантастика']",United States
19,Семь,1995,2h 7m,"Два детектива, новичок и ветеран, охотятся на серийного убийцы, который использует семь смертельных грехов в качестве своих мотивов.","['Полицейская драма', 'Вершинный детектив', 'Юридическая драма', 'Полицейские процедурные', 'Психологическая драма', 'Психологический триллер', 'Серийный убийца', 'Преступление', 'Драма', 'Тайна']",United States
20,Эта замечательная жизнь,1946,2h 10m,"Ангела посылают с небес, чтобы помочь отчаянно разочарованному бизнесмену, показав ему, какая жизнь была бы, если бы он никогда не существовал.","['Хороший роман', 'Праздничная семья', 'Праздничный роман', 'Психологическая драма', 'Сверхъестественная фантазия', 'Драма', 'Семья', 'Фантастика', 'Праздничный день', 'Роман']",United States
21,Семь самураев,1954,3h 27m,"Фермеры из деревни, эксплуатируемой бандитами, нанимают ветеран -самурай для защиты, и он собирает шесть других самураев, чтобы присоединиться к нему.","['Действие Эпик', 'Эпический', 'Период драма', 'Самурай', 'Действие', 'Драма']",Japan
22,Молчание ягнят,1991,1h 58m,"Молодой Ф.Б.И. Ка курсант должен получить помощь в заключении и манипулятивном убийце каннибала, чтобы помочь поймать другого серийного убийцы, сумасшедшего, который скорее пострадает.","['Полицейские процедурные', 'Психологическая драма', 'Психологический ужас', 'Психологический триллер', 'Серийный убийца', 'Слэшер ужас', 'Преступление', 'Драма', 'Ужас', 'Триллер']",United States
23,Спасти рядового Райана,1998,2h 49m,"После посадки в Нормандии группа солдат США идет за вражеской линии, чтобы забрать десантник, чьи братья были убиты в бою.","['Эпический', 'Период драма', 'Военный эпический', 'Драма', 'Война']",United States
24,Город Бога,2002,2h 10m,"В трущобах Рио два детских путях расходятся, когда один из них пытается стать фотографом, а другой - королем.","['Капер', 'Совершеннолетие', 'Гангстер', 'Преступление', 'Драма']",Brazil
25,Зелёная миля,1999,3h 9m,"Смертельный охранник узнает, что нежный гигант в его атаке обладает таинственным подарком.","['Период драма', 'Тюремная драма', 'Сверхъестественная фантазия', 'Трагедия', 'Преступление', 'Драма', 'Фантастика', 'Тайна']",United States
26,Жизнь прекрасна,1997,1h 56m,"Когда открытый еврейский официант и его сын становятся жертвами Холокоста, он использует идеальную смесь воли, юмора и воображения, чтобы защитить своего сына от опасностей вокруг их лагеря.","['Период драма', 'Романтическая комедия', 'Трагедия', 'Трагический роман', 'Комедия', 'Драма', 'Роман', 'Война']",Italy
27,Терминатор 2: Судный день,1991,2h 17m,"Киборг, идентичный тем, кто не смог убить Сару Коннор, теперь должен защитить своего десятилетнего сына Джона от еще более продвинутого и могущественного киборга.","['Действие Эпик', 'Искусственный интеллект', 'Киберпанк', 'Дистопическая научная фантастика', 'Научно-фантастическая эпопея', 'Путешествие во времени', 'Действие', 'Приключение', 'Научная фантастика']",United States
28,Звёздные войны,1977,2h 1m,"Люк Скайуокер объединяет усилия с рыцарем-джедаем, дерзким пилотом, вуки и двумя дроидами, чтобы спасти галактику от боевой станции, разрушающей мир империи, а также пытается спасти ... прочитать все","['Действие Эпик', 'Приключенческий эпос', 'Эпический', 'Фэнтезийный эпический', 'Квест', 'Научно-фантастическая эпопея', 'Космическая научная фантастика', 'Меч и колдовство', 'Действие', 'Приключение']",United States
29,Назад в будущее,1985,1h 56m,"Марти МакФлай, 17-летний ученик средней школы, случайно отправил 30 лет в прошлое в путешествии во времени Делореан, изобретенного его близким другом, научным сотрудником Доком Брауном.","['Комедия с высокой концепцией', 'Подростковое приключение', 'Подростка комедия', 'Путешествие во времени', 'Городское приключение', 'Приключение', 'Комедия', 'Научная фантастика']",United States
30,Унесённые призраками,2001,2h 4m,"Во время переезда своей семьи в пригороды угрюмая 10-летняя девочка бродит в мир, которым управляют боги, ведьмы и духи, и где люди превращаются в зверей.","['Аниме', 'Совершеннолетие', 'Сказка', 'Нарисованная вручную анимацию', 'Квест', 'Сверхъестественная фантазия', 'Приключение', 'Анимация', 'Семья', 'Фантастика']",Japan
31,Пианист,2002,2h 30m,"Во время Второй мировой войны известный польский музыкант Wladyslaw сталкивается с различной борьбой, поскольку он теряет контакт со своей семьей. Когда ситуация ухудшается, он прячется в руинах Варшавы, чтобы выжить.","['Docudrama', 'Эпический', 'Период драма', 'Трагедия', 'Военный эпический', 'Биография', 'Драма', 'Музыка', 'Война']",France
32,Гладиатор,2000,2h 35m,"Бывший римский генерал намерен точно месть против коррумпированного императора, который убил его семью и отправил его в рабство.","['Действие Эпик', 'Приключенческий эпос', 'Эпический', 'Период драма', 'Меч и сандалия', 'Действие', 'Приключение', 'Драма']",United States
33,Паразиты,2019,2h 12m,Жадность и дискриминация класса угрожают недавно сформированным симбиотическим отношениям между богатой семьей парка и обездоленным кланом Ким.,"['Темная комедия', 'Корейская драма', 'Психологический триллер', 'Трагедия', 'Драма', 'Триллер']",South Korea
34,Психо,1960,1h 49m,"Секретарь по прибеганию к растрату укрывается в уединенном калифорнийском мотеле, принадлежащем подавленному человеку и его властной матери.","['Темная комедия', 'Психологический ужас', 'Психологический триллер', 'Слэшер ужас', 'Тайна ожидания', 'Ужас', 'Тайна', 'Триллер']",United States
35,Король Лев,1994,1h 28m,"Принц Лев Симба и его отец подвергаются нападению его горького дяди, который хочет подняться на престол.","['Приключение животных', 'Совершеннолетие', 'Нарисованная вручную анимацию', 'Джунгли Приключение', 'Приключение', 'Анимация', 'Драма', 'Семья', 'Фантастика', 'Мюзикл']",United States
36,Могила светлячков,1988,1h 28m,Молодой мальчик и его младшая сестра изо всех сил пытаются выжить в Японии во время Второй мировой войны.,"['Анимация для взрослых', 'Аниме', 'Нарисованная вручную анимацию', 'Период драма', 'Анимация', 'Драма', 'Война']",Japan
37,Отступники,2006,2h 31m,"Полицейский под прикрытием и родинка в полиции пытаются идентифицировать друг друга, проникнув в ирландскую банду в Южном Бостоне.","['Полицейская драма', 'Эпический', 'Гангстер', 'Преступление', 'Драма', 'Триллер']",United States
38,Одержимость,2014,1h 46m,"Многообещающий молодой барабанщик записывается в музыкальную консерваторию, где его мечты о величии обучаются инструктором, который не остановится ни перед чем, чтобы реализовать потенциал студента.","['Психологическая драма', 'Драма', 'Музыка']",United States
39,Харакири,1962,2h 13m,"Когда Ронин, прося Сеппуку во дворце феодального лорда, рассказывается о жестоком самоубийстве другого Ронина, который ранее посещал, он показывает, как их прошлые переплетаются - и при этом ... прочтите все","['Период драма', 'Драма', 'Тайна']",Japan
40,Американская история Икс,1998,1h 59m,"Живая жизнью, отмеченная насилием, Неонацистский Дерек, наконец, отправляется в тюрьму после убийства двух чернокожих молодых людей. После его освобождения Дерек клянется измениться; Он надеется предотвратить его брата Дэнни, который идентифицирует","['Тюремная драма', 'Трагедия', 'Преступление', 'Драма']",United States
41,Престиж,2006,2h 10m,Соперничающие маги 19-го века вступают в горькую битву за коммерческие секреты.,"['Период драма', 'Стимпанк', 'Трагедия', 'Драма', 'Тайна', 'Научная фантастика', 'Триллер']",United Kingdom
42,Леон,1994,1h 50m,"12-летняя Матильда неохотно принимает Леон, профессиональный убийца Леона, после того, как ее семья убита. Необычные отношения формируются, когда она становится его протеже и изучает убийцу ... читать все","['Гангстер', 'Армия с одной личной армией', 'Действие', 'Преступление', 'Драма', 'Триллер']",France
43,Человек-паук: Паутина вселенных,2023,2h 20m,"Путешествуя по мультивселенной, Майлз Моралес встречает новую команду пауков, состоящую из героев из разных измерений. Но когда герои сталкиваются с тем, как справиться с новой угрозой, м ... прочитайте все","['Компьютерная анимация', 'Супергерой', 'Сверхъестественная фантазия', 'Подростковое приключение', 'Городское приключение', 'Действие', 'Приключение', 'Анимация', 'Семья', 'Фантастика']",United States
44,Касабланка,1942,1h 42m,"Циничный экспатриант американский владелец кафе изо всех сил пытается решить, помогать ли его бывшему любовнику и ее бегтерцу избежать нацистов во французском Марокко.","['Драма', 'Роман', 'Война']",United States
45,Подозрительные лица,1995,1h 46m,"Единственный выживший в результате перестрелки пирса рассказывает историю о том, как пресловутый преступник повлиял на события, которые начались с пяти преступников, собравшихся в кажущейся случайной полицейской линейке.","['Капер', 'Гангстер', 'Ограбление', 'Психологическая драма', 'Психологический триллер', 'Тайна ожидания', 'Whodunnit', 'Преступление', 'Драма', 'Тайна']",United States
46,1+1,2011,1h 52m,"После того, как он становится четырехлетним из аварии на парапланеринге, аристократ нанимает молодого человека из проектов, чтобы он был его попечителем.","['Docudrama', 'Комедия', 'Драма']",France
47,Новый кинотеатр «Парадизо»,1988,2h 54m,"Сальваторе, известный режиссер, возвращается в свой родной город на похороны резокриста местного театра Альфредо. Он вспоминает о своей жизни, когда молодой мальчик влюбился с ... читайте все","['Совершеннолетие', 'Драма', 'Роман']",Italy
48,Новые времена,1936,1h 27m,Бродяга изо всех сил пытается жить в современном промышленном обществе с помощью молодой бездомной женщины.,"['Романтическая комедия', 'Сатира', 'Защелка', 'Комедия', 'Драма', 'Роман']",United States
49,Чужой,1979,1h 57m,После изучения таинственной передачи неизвестного происхождения экипаж коммерческого космического корабля встречает смертельную форму жизни.,"['Инопланетное вторжение', 'Киберпанк', 'Монстр ужас', 'Космическая научная фантастика', 'Ужас', 'Научная фантастика']",United Kingdom
50,Окно во двор,1954,1h 52m,"Скучный фотограф, выздоравливающий от сломанной ноги, проходит время, наблюдая за своими соседями и начинает подозревать одного из них об убийстве.","['Психологический триллер', 'Тайна ожидания', 'Драма', 'Тайна', 'Триллер']",United States
51,Однажды на Диком Западе,1968,2h 46m,"Загадочный незнакомец с гармоникой объединяет усилия с печально известным отчаянием, чтобы защитить прекрасную вдову от безжалостной убийцы, работающей на железной дороге.","['Пустынное приключение', 'Эпический', 'Спагетти Вестерн', 'Западный Эпик', 'Драма', 'Западный']",Italy
52,Джанго освобождённый,2012,2h 45m,"С помощью немецкой охотника за щедрости, освобожденный раб, который собирается спасти свою жену от жестокого владельца плантации в Миссисипи.","['Темная комедия', 'Эпический', 'Период драма', 'Западный Эпик', 'Западный']",United States
53,Огни большого города,1931,1h 27m,"С помощью богатого беспорядочного Tippler, бродяги с влажными глазами, который влюбился в невидимую цветочную девушку, накапливает деньги, чтобы помогать ей медицинской помощи.","['Хороший роман', 'Романтическая комедия', 'Сатира', 'Защелка', 'Комедия', 'Драма', 'Роман']",United States
54,Апокалипсис сегодня,1979,2h 27m,"Офицеру армии США, служащего во Вьетнаме, поручено убийство полковника спецназа Renegade, который считает себя Богом.","['Приключенческий эпос', 'Эпический', 'Вершинный детектив', 'Психологическая драма', 'Квест', 'Тайна ожидания', 'Военный эпический', 'Драма', 'Тайна', 'Война']",United States
55,Дюна: Часть вторая,2024,2h 46m,"Пол Атрейдес объединяется с Фременом, находясь на пути мести, отомстив заговорщикам, которые уничтожили его семью. Столкнувшись с выбором между любовью всей его жизни и судьбой Вселенной ... Прочтите все","['Действие Эпик', 'Пустынное приключение', 'Эпический', 'Научно-фантастическая эпопея', 'Космическая научная фантастика', 'Действие', 'Приключение', 'Драма', 'Научная фантастика']",United States
56,Помни,2000,1h 53m,"Леонард Шелби, следователь по страхованию, страдает от антероградной амнезии и использует заметки и татуировки, чтобы охотиться за человеком, который, по его мнению, убил его жену, что является последним, что он помнит.","['Психологический триллер', 'Тайна ожидания', 'Тайна', 'Триллер']",United States
57,ВАЛЛ·И,2008,1h 38m,"Робот, который отвечает за очистку покрытой отходом земля, встречает другого робота и влюбляется в нее. Вместе они отправились в путешествие, которое изменит судьбу человечества.","['Приключенческий эпос', 'Искусственный интеллект', 'Компьютерная анимация', 'Дистопическая научная фантастика', 'Космическая научная фантастика', 'Приключение', 'Анимация', 'Семья', 'Научная фантастика']",United States
58,Индиана Джонс: В поисках утраченного ковчега,1981,1h 55m,"В 1936 году археологи и авантюристы правительства США наняли Индиана Джонс, чтобы найти Ковчег Завета, прежде чем нацисты смогли получить свои необычайные полномочия.","['Приключенческий эпос', 'Пустынное приключение', 'Globetrotting Adventure', 'Квест', 'Действие', 'Приключение']",United States
59,Жизнь других,2006,2h 17m,"В 1984 году в Восточном Берлине агент секретной полиции, проводящего наблюдение за писателем и его любовником, становится все более поглощенным своей жизнью.","['Политический триллер', 'Психологическая драма', 'Шпион', 'Драма', 'Тайна', 'Триллер']",Germany
60,Мстители: Война бесконечности,2018,2h 29m,"Мстители и их союзники должны быть готовы пожертвовать всеми в попытке победить могущественных Таноса, прежде чем его блиц разрушительного и руина положит конец вселенной.","['Космическая научная фантастика', 'Супергерой', 'Действие', 'Приключение', 'Научная фантастика']",United States
61,Сансет бульвар,1950,1h 50m,"Сценарист развивает опасные отношения с выцветшей кинозвездой, решившей, чтобы сделать триумфальное возвращение.","['Темная комедия', 'Фильм нуар', 'Психологическая драма', 'Шоу -бизнес драма', 'Трагедия', 'Драма']",United States
62,Человек-паук: Через Вселенные,2018,1h 57m,"Teen Miles Morales становится Человеком-пауком своей вселенной и должен присоединиться к пять человек с пауками из других измерений, чтобы остановить угрозу для всех реалий.","['Компьютерная анимация', 'Супергерой', 'Сверхъестественная фантазия', 'Подростковое приключение', 'Городское приключение', 'Действие', 'Приключение', 'Анимация', 'Комедия', 'Семья']",Canada
63,Тропы славы,1957,1h 28m,"Полковник защищает трех своих солдат в военном суде после того, как они отказываются от суицидальной атаки.","['Эпический', 'Психологическая драма', 'Военный эпический', 'Драма', 'Война']",United States
64,Свидетель обвинения,1957,1h 56m,"Ветеран британский адвокат должен защищать своего клиента в ходе судебного разбирательства, который удивил после удивления.","['Юридическая драма', 'Легальный триллер', 'Whodunnit', 'Преступление', 'Драма', 'Тайна', 'Триллер']",United States
65,Сияние,1980,2h 26m,"Семья направляется в изолированный отель на зиму, где зловещее присутствие влияет на отца на насилие. В то же время его экстрасенс","['Темная комедия', 'Психологическая драма', 'Психологический ужас', 'Сверхъестественный ужас', 'Драма', 'Ужас']",United Kingdom
66,Великий диктатор,1940,2h 5m,"Диктатор Аденоид Хинкель пытается расширить свою империю, в то время как бедный еврейский парикмахер пытается избежать преследований с режима Хинкеля.","['Пародия', 'Сатира', 'Защелка', 'Комедия', 'Драма', 'Война']",United States
67,12-я неудача,2023,Vidhu Vinod Chopra,Реальная история офицера IPS Маноджа Кумара Шарма и офицера IRS Шраддха Джоши.,"['Docudrama', 'Биография', 'Драма']",India
68,Чужие,1986,2h 17m,"Через десятилетия после выживания инцидента с Ностромо Эллен Рипли отправляют, чтобы восстановить контакт с терраформирующей колонией, но она сражается с королевой инопланетян и ее потомством.","['Инопланетное вторжение', 'Киберпанк', 'Монстр ужас', 'Космическая научная фантастика', 'Выживание', 'Трагедия', 'Действие', 'Приключение', 'Ужас', 'Научная фантастика']",United Kingdom
69,Бесславные ублюдки,2009,2h 33m,Во время Второй мировой войны во время Второй мировой войны план убийства нацистских лидеров группой еврейских солдат США совпадает с мстительными планами владельца театра на то же самое.,"['Темная комедия', 'Период драма', 'Приключение', 'Драма', 'Война']",United States
70,Тёмный рыцарь: Возрождение легенды,2012,2h 44m,"Бэйн, внушительный террорист, нападает на Готэм-Сити и нарушает свой восьмилетний период мира. Это заставляет Брюса Уэйна выйти из скрытия и снова надеть накидку и капот Бэтмена.","['Действие Эпик', 'Эпический', 'Супергерой', 'Действие', 'Драма', 'Триллер']",United States
71,Тайна Коко,2017,1h 45m,"Стремительный музыкант Мигель, столкнувшись с наследственным запретом своей семьи на музыку, входит в землю мертвых, чтобы найти своего пра-пра-дедушки, легендарного певца.","['Компьютерная анимация', 'Сверхъестественная фантазия', 'Приключение', 'Анимация', 'Драма', 'Семья', 'Фантастика', 'Музыка', 'Тайна']",United States
72,Амадей,1984,2h 40m,"Жизнь, успех и неприятности Вольфганга Амадея Моцарта, как сказал Антонио Сальери, современный композитор, который глубоко завидовал таланту Моцарта и утверждал, что убил его ... прочтите все","['Драма костюма', 'Эпический', 'Период драма', 'Трагедия', 'Биография', 'Драма', 'Музыка']",United States
73,История игрушек,1995,1h 21m,"Ковбойская кукла глубоко угрожает и завидует, когда новая фигура по борьбе с космосором вытесняет его в качестве лучшей игрушки в спальне мальчика.","['Приятель комедия', 'Компьютерная анимация', 'Сверхъестественная фантазия', 'Городское приключение', 'Приключение', 'Анимация', 'Комедия', 'Семья', 'Фантастика']",United States
74,Мстители: Финал,2019,3h 1m,"После разрушительных событий Мтситетели: ВОЕННАЯ БОСКОНЕГЕАНА (2018) вселенная находится в руинах. С помощью оставшихся союзников Мстители собираются еще раз, чтобы повернуть в виду Танос ... прочитать все","['Космическая научная фантастика', 'Супергерой', 'Путешествие во времени', 'Трагедия', 'Действие', 'Приключение', 'Научная фантастика']",United States
75,Умница Уилл Хантинг,1997,2h 6m,"У Уилл Хантинг, уборщик в MIT, есть подарок для математики, но нуждается в помощи психолога, чтобы найти направление в его жизни.","['Совершеннолетие', 'Психологическая драма', 'Драма', 'Роман']",United States
76,Олдбой,2003,2h,"После того, как он был похищен и заключен в тюрьму в течение пятнадцати лет, Огал Дэ-су освобождается, только чтобы обнаружить, что он должен отследить своего похитителя за пять дней.","['Темная комедия', 'Армия с одной личной армией', 'Психологическая драма', 'Психологический триллер', 'Действие', 'Драма', 'Тайна', 'Триллер']",South Korea
77,"Доктор Стрейнджлав, или Как я научился не волноваться и полюбил атомную бомбу",1964,1h 35m,"Мраво неуравновешенная американская общая приказывает к приступу водородной бомб на Советский Союз, инициируя путь к глобальному ядерному Холокосту, что военная комната, полная политиков и генералов, безумно ... прочитайте все","['Темная комедия', 'Фарс', 'Политическая драма', 'Сатира', 'Трагедия', 'Комедия', 'Война']",United Kingdom
78,Красота по-американски,1999,2h 2m,"Сексуально разочарованный пригородный отец имеет кризис в середине жизни после того, как он увлекся лучшим другом его дочери.","['Психологическая драма', 'Трагедия', 'Драма']",United States
79,Подводная лодка,1981,Wolfgang Petersen,"Немецкая подводная лодка преследует холодные воды Северной Атлантики, когда ее молодая команда испытывает ужас и клаустрофобную жизнь подводного лодка во Второй мировой войне.","['Эпический', 'Военный эпический', 'Драма', 'Война']",West Germany
80,Храброе сердце,1995,2h 58m,"Шотландский воин Уильям Уоллес ведет своих соотечественников в восстании, чтобы освободить свою родину от тирании короля Эдварда I из Англии.","['Действие Эпик', 'Драма костюма', 'Эпический', 'Период драма', 'Военный эпический', 'Биография', 'Драма', 'Война']",United States
81,Принцесса Мононоке,1997,2h 13m,"Стремясь вылечить себя от проклятия, молодой воин Ашитака наткнулся на конфликт между народом Железного Тауна и принцессой Мононоке, девушкой, воспитанной волками, которая остановится, не ... читать все","['Действие Эпик', 'Анимация для взрослых', 'Приключенческий эпос', 'Аниме', 'Темная фантазия', 'Фэнтезийный эпический', 'Нарисованная вручную анимацию', 'Квест', 'Приключение', 'Анимация']",Japan
82,Твоё имя,2016,1h 46m,"Двое подростков имеют глубокую, волшебную связь, обнаружив, что они меняют тела. Все может стать еще сложнее, когда мальчик и девочка решают встретиться лично.","['Аниме', 'Shōjo', 'Анимация', 'Драма', 'Фантастика', 'Роман']",Japan
83,Рай и ад,1963,2h 23m,"Исполнительный директор обувной компании Yokohama становится жертвой вымогательства, когда сын его шофера похищен по ошибке и удерживается за выкуп.","['Полицейские процедурные', 'Преступление', 'Драма', 'Тайна', 'Триллер']",Japan
84,Три идиота,2009,2h 50m,"Двое друзей ищут своего давно потерянного спутника. Они возвращаются к своим студенческим дням и вспоминают воспоминания о своем другом, который вдохновил их думать по -другому, даже когда остальная часть Т ... прочитайте все","['Приятель комедия', 'Совершеннолетие', 'Причудливая комедия', 'Комедия', 'Драма']",India
85,Джокер,2019,2h 2m,"Артур Флек, клоун вечеринки и неудачный комик, ведет обнищавшую жизнь со своей больной матерью. Однако, когда общество избегает его и зафиксирует урод, он решает обнять ... читать все","['Психологическая драма', 'Психологический триллер', 'Трагедия', 'Преступление', 'Драма', 'Триллер']",United States
86,Однажды в Америке,1984,3h 49m,"Бывший еврейский гангстер эпохи запрета возвращается в нижнюю восточную сторону Манхэттена 35 лет спустя, где он должен снова противостоять призракам и сожалениям о своей старой жизни.","['Темная комедия', 'Эпический', 'Гангстер', 'Период драма', 'Преступление', 'Драма']",Italy
87,Капернаум,2018,2h 6m,"Отбывая пятилетний срок за насильственное преступление, 12-летний мальчик предъявляет иск своим родителям за пренебрежение.",['Драма'],Lebanon
88,Поющие под дождем,1952,1h 43m,"Звезда немой кино влюбляется в припевную девушку так же, как он и его бредовое ревнивое экранное партнер пытаются сделать трудный переход к говорящим картинкам в Голливуде 1920 -х годов.","['Классический мюзикл', 'Хороший роман', 'Музыкальный автомат', 'Романтическая комедия', 'Сатира', 'Комедия', 'Мюзикл', 'Роман']",United States
89,Иди и смотри,1985,2h 22m,"Найдя старую винтовку, молодой мальчик присоединяется к советскому движению сопротивления против безжалостных немецких сил и испытывает ужасы Второй мировой войны.","['Эпический', 'Период драма', 'Трагедия', 'Военный эпический', 'Драма', 'Триллер', 'Война']",Soviet Union
90,Реквием по мечте,2000,1h 42m,"Утопии, вызванные наркотиками четырех жителей Кони-Айленда, разрушены, когда их пристрастия проходят глубоко.","['Психологическая драма', 'Трагедия', 'Драма']",United States
91,История игрушек: Большой побег,2010,1h 43m,"Игрушки ошибочно доставляются в центр дневного ухода, а не на чердаке прямо перед тем, как Энди уходит в колледж, и Вуди должен убедить другие игрушки, что они не были брошены ... Прочтите все","['Компьютерная анимация', 'Сверхъестественная фантазия', 'Городское приключение', 'Приключение', 'Анимация', 'Комедия', 'Семья', 'Фантастика']",United States
92,Звёздные войны: Эпизод 6 - Возвращение Джедая,1983,2h 11m,"После спасения Хана Соло из Джабба Хатта, повстанческий альянс пытается уничтожить вторую звезду смерти, в то время как Люк изо всех сил пытается помочь Дарту Вейдеру вернуться с темной стороны.","['Действие Эпик', 'Приключенческий эпос', 'Темная фантазия', 'Эпический', 'Фэнтезийный эпический', 'Globetrotting Adventure', 'Квест', 'Научно-фантастическая эпопея', 'Космическая научная фантастика', 'Меч и колдовство']",United States
93,Охота,2012,1h 55m,"Учитель живет одинокой жизнью, все время борясь за опеку своего сына. Его жизнь постепенно становится лучше, когда он находит любовь и получает хорошие новости от своего сына, но его новая удача - это ... прочитать все","['Психологическая драма', 'Трагедия', 'Драма']",Denmark
94,Вечное сияние чистого разума,2004,1h 48m,"Когда их отношения становятся кислыми, пара проходит медицинскую процедуру, чтобы навсегда стираться друг от друга из их воспоминаний.","['Темный роман', 'Психологическая драма', 'Драма', 'Роман', 'Научная фантастика']",United States
95,Жить,1952,2h 23m,"Бюрократ пытается найти смысл в своей жизни после того, как обнаружит, что у него терминальный рак.","['Психологическая драма', 'Трагедия', 'Драма']",Japan
96,2001 год: Космическая одиссея,1968,2h 29m,"Когда на Луне раскрывается таинственный артефакт, космический корабль, укомплектованный двумя людьми, и один суперкомпьютер отправляется в Юпитер, чтобы найти его происхождение.","['Приключенческий эпос', 'Искусственный интеллект', 'Эпический', 'Психологическая драма', 'Научно-фантастическая эпопея', 'Космическая научная фантастика', 'Приключение', 'Научная фантастика']",United Kingdom
97,Бешеные псы,1992,1h 39m,"Когда простой украшение ограблений идет ужасно неправильно, выжившие преступники начинают подозревать, что один из них - полицейский информатор.","['Гангстер', 'Ограбление', 'Преступление', 'Триллер']",United States
98,Квартира,1960,2h 5m,"Манхэттенский страховой клерк пытается подняться в своей компании, позволяя ее руководителям использовать его квартиру для свидания, но офисная политика и его собственные романтические надежды усложняют вопросы.","['Фарс', 'Праздничная комедия', 'Праздничный роман', 'Романтическая комедия', 'Комедия', 'Драма', 'Праздничный день', 'Роман']",United States
99,Пожары,2010,2h 11m,"Близнецы отправятся на Ближний Восток, чтобы открыть для себя семейную историю и выполнить последние пожелания своей матери.","['Тайна ожидания', 'Драма', 'Тайна', 'Война']",Canada
100,Лоуренс Аравийский,1962,3h 47m,"История Т.Е. Лоуренс, английский офицер, который успешно объединился и руководил разнообразными, часто враждующими арабскими племенами во время Первой мировой войны, чтобы сражаться с турками.","['Приключенческий эпос', 'Пустынное приключение', 'Эпический', 'Трагедия', 'Военный эпический', 'Приключение', 'Биография', 'Драма', 'Война']",United Kingdom
101,Лицо со шрамом,1983,2h 50m,"В 1980-х годах определенный кубинский иммигрант, настроенный на преступник, становится крупнейшим контрабандистом наркотиков в Майами и в конечном итоге отменен своей собственной наркоманией.","['Преступление на наркотиках', 'Эпический', 'Гангстер', 'Трагедия', 'Преступление', 'Драма']",United States
102,Двойная страховка,1944,1h 47m,"Страховой представитель соблазняется недовольной домохозяйкой в ​​схему страхового мошенничества и убийства, которая вызывает подозрение его коллеги, следователя по претензиям.","['Фильм нуар', 'Вершинный детектив', 'Преступление', 'Драма', 'Тайна', 'Триллер']",United States
103,На север через северо-запад,1959,2h 16m,"Руководитель по рекламе в Нью -Йорке идет в бегах после того, как его приняли за правительственный агент группой иностранных шпионов, и влюбляется в женщину, чьи лояльности он начинает сомневаться.","['Шпион', 'Приключение', 'Драма', 'Тайна', 'Триллер']",United States
104,Схватка,1995,2h 50m,"Группа высококлассных профессиональных воров начинает чувствовать жар от LAPD, когда они неосознанно оставляют словесную подсказку в своем последнем ограблении.","['Действие Эпик', 'Полицейская драма', 'Эпический', 'Гангстер', 'Ограбление', 'Действие', 'Преступление', 'Драма']",United States
105,Гражданин Кейн,1941,1h 59m,"После смерти издательства магната Чарльза Фостера Кейна, журналисты пытаются раскрыть значение его последнего высказывания: «Роузбуд».","['Эпический', 'Период драма', 'Трагедия', 'Драма', 'Тайна']",United States
106,Вверх,2009,1h 36m,"78-летний Карл Фредриксен отправляется в Южную Америку в своем доме, оборудованном воздушными шарами, непреднамеренно взяв молодого устремления.","['Совершеннолетие', 'Компьютерная анимация', 'Globetrotting Adventure', 'Приключение', 'Анимация', 'Комедия', 'Драма', 'Семья']",United States
107,М убийца,1931,1h 57m,"Когда полиция в немецком городе не может поймать убийца ребенка, другие преступники присоединяются к охоте.","['Психологический триллер', 'Серийный убийца', 'Тайна ожидания', 'Преступление', 'Тайна', 'Триллер']",Germany
108,Цельнометаллическая оболочка,1987,1h 56m,"Прагматичный морской пехотинец наблюдает за дегуманизирующими последствиями, которые война во Вьетнаме оказывает на своих собратьев -новобранцев от своих жестоких тренировок в кролическом лагере до кровавой улицы, борьбы с Хюэ.","['Темная комедия', 'Период драма', 'Драма', 'Война']",United Kingdom
109,Головокружение,1958,2h 8m,"Бывший детектив полиции Сан -Франциско жонглирует со своими личными демонами и становясь одержимой навязчиво красивой женщиной, которую его наняли, чтобы трость, которая может быть глубоко прочитать все","['Психологический триллер', 'Трагедия', 'Тайна', 'Роман', 'Триллер']",United States
110,Амели,2001,2h 2m,"Несмотря на то, что молодая официантка Амели решает помочь людям найти счастье. Ее стремление распространять радость приводит ее в путешествие, во время которого она находит настоящую любовь.","['Хороший роман', 'Причудливая комедия', 'Романтическая комедия', 'Комедия', 'Роман']",France
111,Заводной апельсин,1971,2h 16m,Алекс Деярдж и его Droogs варварся разлагаются в ближайшее время.,"['Темная комедия', 'Дистопическая научная фантастика', 'Преступление', 'Научная фантастика']",United Kingdom
112,Развод Надера и Симин,2011,2h 3m,"Супружеская пара сталкивается с трудным решением - улучшить жизнь своего ребенка, переехав в другую страну или остаться в Иране и присматривать за ухудшением родителей, у которого есть болезнь Альцгей ... читать все","['Юридическая драма', 'Психологическая драма', 'Драма']",Iran
113,Убить пересмешника,1962,2h 9m,"Овдовевший адвокат в эпохе депрессии Алабамы защищает чернокожих от ложного обвинения в изнасиловании, обучая своих маленьких детей о печальной реальности предрассудков.","['Юридическая драма', 'Период драма', 'Преступление', 'Драма']",United States
114,Оппенгеймер,2023,3h,"Драматизация истории жизни Дж. Роберта Оппенгеймера, физика, у которого была большая рука в развитии атомных бомб, которые положили конец Второй мировой войне.","['Docudrama', 'Эпический', 'Исторический эпический', 'Период драма', 'Психологическая драма', 'Биография', 'Драма', 'История']",United States
115,Крепкий орешек,1988,2h 12m,"Полицейский из Нью -Йорка пытается спасти свою отчужденную жену и несколько других, взятых террористов во время рождественской вечеринки на Накатоми Плаза в Лос -Анджелесе.","['Катастрофа', 'Армия с одной личной армией', 'Действие', 'Праздничный день', 'Триллер']",United States
116,Афера,1973,2h 9m,"Два сбора объединяются, чтобы снять Ultimate Con.","['Капер', 'Комедия', 'Преступление', 'Драма']",United States
117,Звёздочки на земле,2007,2h 42m,"Считается, что молодой мальчик не является чем -то иным, как ленивым нарушителем нарушителя, пока у нового учителя искусства не будет терпения и сострадания, чтобы обнаружить реальную проблему, стоящую за его борьбой в школе.","['Драма', 'Семья']",India
118,Индиана Джонс и последний крестовый поход,1989,2h 7m,"В 1938 году, после того, как его отец пропал без вести, преследуя Святой Грааль, Индиана Джонс снова оказывается против нацистов, чтобы помешать им получить свои силы.","['Приключенческий эпос', 'Пустынное приключение', 'Globetrotting Adventure', 'Квест', 'Действие', 'Приключение']",United States
119,Метрополис,1927,2h 33m,"В футуристическом городе, резко разделенном между рабочим классом и планировщиками города, сын вдохновителя города влюбляется в пророка рабочего класса, который предсказывает пришествие ... Прочтите все","['Дистопическая научная фантастика', 'Эпический', 'Научно-фантастическая эпопея', 'Стимпанк', 'Драма', 'Научная фантастика']",Germany
120,Большой куш,2000,1h 44m,"Ноблезные боксерские промоутеры, жестокие букмекеры, русский гангстер, некомпетентные грабители -любители и предположительно еврейские ювелиры борются за то, чтобы выследить бесценный украденный бриллиант.","['Капер', 'Темная комедия', 'Гангстер', 'Комедия', 'Преступление']",United Kingdom
121,1917,2019,1h 59m,"6 апреля 1917 года. По мере того, как пехотный батальон собирается, чтобы вести войну глубоко на территории противника, два солдата назначаются для участия в гонке со временем и донесут сообщение, которое остановит 1600 человек из WA ... Прочтите все","['Эпический', 'Период драма', 'Военный эпический', 'Действие', 'Драма', 'Война']",United Kingdom
122,Секреты Лос-Анджелеса,1997,2h 18m,"По мере роста коррупции в 1950 -х годах Лос -Анджелеса, три полицейских - один из проливных, один жестокий и один неряшливый - расследуйте серию убийств со своим собственным брендом справедливости.","['Триллер заговора', 'Полицейская драма', 'Вершинный детектив', 'Период драма', 'Полицейские процедурные', 'Тайна ожидания', 'Whodunnit', 'Преступление', 'Драма', 'Тайна']",United States
123,Похитители велосипедов,1948,1h 29m,"В послевоенной Италии похищен велосипед рабочего класса, угрожая его усилиям по поиску работы. Он и его сын решили найти это.","['Трагедия', 'Драма']",Italy
124,Бункер,2004,2h 36m,"Траудл Юнге, финальный секретарь Адольфа Гитлера, рассказывает о последних днях нацистского диктатора в его Берлинском бункере в конце Второй мировой войны.","['Docudrama', 'Политическая драма', 'Трагедия', 'Биография', 'Драма', 'История', 'Война']",Germany
125,Дангал. Слово борца,2016,2h 41m,"Махавир Сингх Фогат, бывший борцов","['Действие', 'Биография', 'Драма', 'Спорт']",India
126,Таксист,1976,1h 54m,"Мраво неуравновешенный ветеран работает ночным таксистом в Нью -Йорке, где воспринимаемый декаданс и подлости подпитывают его стремление к насильственным действиям.","['Психологическая драма', 'Преступление', 'Драма']",United States
127,Гамильтон,2020,2h 40m,Реальная жизнь одного из главных отцов -основателей Америки и первого секретаря казначейства Александр Гамильтон. Захвачен в прямом эфире на Бродвее из театра Ричарда Роджерса с оригиналом ... читать все,"['Эпический', 'Биография', 'Драма', 'История', 'Мюзикл']",United States
128,Волк с Уолл-стрит,2013,3h,"Основываясь на истинной истории Джордана Белфорта, от его подъема до богатого фондового брокера, проживающего высокую жизнь до его падения, связанного с преступностью, коррупцией и федеральным правительством.","['Темная комедия', 'Docudrama', 'Эпический', 'Групкая комедия', 'Сатира', 'Истинное преступление', 'Биография', 'Комедия', 'Преступление', 'Драма']",United States
129,Бэтмен: Начало,2005,2h 20m,"Свидев смерть своих родителей, миллиардер Брюс Уэйн узнает искусство борьбы, чтобы противостоять несправедливости. Когда он возвращается в Готэм в качестве Бэтмена, он должен остановить секретное общество, которое намеревается ... читать все","['Действие Эпик', 'Эпический', 'Супергерой', 'Трагедия', 'Действие', 'Драма']",United States
130,Зеленая книга,2018,2h 10m,Итальянско-американский вышибала рабочего класса становится движущей силой афроамериканского классического пианиста в туре по местам по американскому югу 1960-х годов.,"['Docudrama', 'Период драма', 'Дорожная поездка', 'Биография', 'Комедия', 'Драма', 'Музыка']",United States
131,На несколько долларов больше,1965,2h 12m,"Два убийцы наградных с аналогичными намерениями, но различные мотивы объединяются, чтобы выследить психотический мексиканский преступник, прежде чем он и его банда смогут выполнить смелое ограбление банка.","['Армия с одной личной армией', 'Спагетти Вестерн', 'Драма', 'Западный']",Italy
132,Шоу Трумана,1998,Peter Weir,"Продавец страхования начинает подозревать, что вся его жизнь на самом деле является своего рода реалити -шоу.","['Темная комедия', 'Комедия с высокой концепцией', 'Психологическая драма', 'Сатира', 'Шоу -бизнес драма', 'Комедия', 'Драма']",United States
133,Нюрнбергский процесс,1961,2h 59m,"Художественное изображение судебного разбирательства 1947 года, третьего из двенадцати судебных процессов нацистских военных преступников, проведенных американскими оккупационными силами в Нюрнберге, Германия, в которых бывшие судьи ... прочитали все","['Юридическая драма', 'Драма', 'Война']",United States
134,В джазе только девушки,1959,2h 1m,"После того, как два музыканта-мужчины стали свидетелями хита толпы, они бежат от государства в группе, замаскированной как женщины, замаскированной как женщины, но возникают дальнейшие осложнения.","['Приятель комедия', 'Фарс', 'Сатира', 'Винтбол комедия', 'Комедия', 'Музыка', 'Роман']",United States
135,Малыш,1921,1h 8m,"Бродяга заботится о брошенном ребенке, но события подвергают их отношениям их отношения.","['Приятель комедия', 'Защелка', 'Комедия', 'Драма', 'Семья']",United States
136,Остров проклятых,2010,2h 18m,"Два американских маршала отправляются в психиатрическое учреждение на негостеприимном острове, чтобы исследовать исчезновение пациента.","['Психологический триллер', 'Тайна ожидания', 'Драма', 'Тайна', 'Триллер']",United States
137,Отец,2020,1h 37m,"Мужчина отказывается от всей помощи от своей дочери, когда он стареет. Когда он пытается понять, что происходит вокруг него, он начинает сомневаться","['Психологическая драма', 'Драма', 'Тайна']",United Kingdom
138,Всё о Еве,1950,2h 18m,"Казалось бы, робкая, но тайно безжалостная Инжене вмешается в жизнь стареющей звезды Бродвея и ее круга театральных друзей.","['Шоу -бизнес драма', 'Драма']",United States
139,Парк юрского периода,1993,2h 7m,"Промышленник приглашает некоторых экспертов посетить его тематический парк клонированных динозавров. После сбоя энергии существа бегают, укладывая жизнь каждого, включая его внуков, в ... Прочтите все","['Приключение динозавров', 'Джунгли Приключение', 'Действие', 'Приключение', 'Научная фантастика', 'Триллер']",United States
140,Нефть,2007,2h 38m,"История семьи, религии, ненависти, нефти и безумия, сосредоточенная на разведчике на рубеже веков в первые дни бизнеса.","['Эпический', 'Период драма', 'Психологическая драма', 'Трагедия', 'Драма']",United States
141,Казино,1995,2h 58m,"В Лас-Вегасе два лучших друзья-исполнительный директор казино и мафиозный сияющий-скомплектируются империей азартных игр и быстроживущем, быстро любящем светском происхождении.","['Docudrama', 'Эпический', 'Гангстер', 'Истинное преступление', 'Преступление', 'Драма']",United States
142,Шестое чувство,1999,1h 47m,"После того, как его застрелил бывшим пациентом, которого он не смог помочь, детский психолог из Филадельфии ищет искупления, обращаясь к молодому мальчику с тревожным секретом.","['Психологическая драма', 'Психологический триллер', 'Тайна ожидания', 'Драма', 'Тайна', 'Триллер']",United States
143,Ран,1985,2h 40m,"В средневековой Японии пожилой военачальник уходит на пенсию, передавая свою империю своим трем сыновьям. Тем не менее, он значительно недооценивает, как вновь обретенная сила испортит их, и заставит их перевернуть ... прочитать все","['Эпический', 'Самурай', 'Трагедия', 'Военный эпический', 'Действие', 'Драма', 'Война']",Japan
144,Топ Ган. Мэверик,2022,2h 10m,"История связана с тем, что Маверик противостоит своему прошлому во время обучения группы молодых выпускников высшего оружия, в том числе сына его покойного лучшего друга, для опасной миссии.","['Действие Эпик', 'Эпический', 'Действие', 'Драма']",United States
145,Старикам тут не место,2007,2h 2m,"Насилие и хаос заступают после того, как охотник наткнулся на последствия сделки с наркотиками, и более двух миллионов долларов наличными возле Рио -Гранде.","['Современный западный', 'Серийный убийца', 'Преступление', 'Драма', 'Триллер']",United States
146,Нечто,1982,1h 49m,"Исследовательская группа в Антарктиде охотится на инопланетянин, изменяющий форму, который предполагает появление своих жертв.","['Инопланетное вторжение', 'Ужас тела', 'Монстр ужас', 'Сверхъестественный ужас', 'Трагедия', 'Ужас', 'Тайна', 'Научная фантастика']",United States
147,Лабиринт Фавна,2006,1h 58m,"В 1944 году Испания послала девушку жить со своим безжалостным отчимом. Ночью она встречает фею, которая ведет ее к старому фаун. Он говорит ей, что она принцесса, но должна доказать ее Роялт ... читать все","['Совершеннолетие', 'Темная фантазия', 'Сказка', 'Период драма', 'Сверхъестественная фантазия', 'Подростка фантазия', 'Трагедия', 'Драма', 'Фантастика', 'Война']",Mexico
148,Непрощенный,1992,2h 10m,"Острый Уэст -Уэст -Ганслингер в отставке неохотно берет на себя последнюю работу, чтобы отомстить за несправедливость с помощью своего старого партнера и более нового преступника, известного просто как ребенок Шофилда.","['Период драма', 'Трагедия', 'Драма', 'Западный']",United States
149,Игры разума,2001,2h 15m,"Математический гений, Джон Нэш сделал удивительное открытие в начале своей карьеры и стоял на грани международного признания. Но красивый и высокомерный Нэш вскоре оказался на ... прочтите все","['Docudrama', 'Период драма', 'Психологическая драма', 'Биография', 'Драма', 'Тайна']",United States
150,Убить Билла. Фильм 1,2003,1h 51m,"Проснувшись от четырехлетней комы, бывший убийца отомстил от команды убийц, которые ее предали.","['Кунг -фу', 'Боевые искусства', 'Армия с одной личной армией', 'Действие', 'Преступление', 'Триллер']",United States
151,Сокровища Сьерра Мадре,1948,2h 6m,"Два американца в духе, ищущие работу в 1920-х годах Мексики, убедили старого разведчика помочь им добывать золото в горах Сьерра-Мадре.","['Трагедия', 'Приключение', 'Драма', 'Западный']",United States
152,Пленницы,2013,2h 33m,"Келлер Дувер сталкивается с худшим кошмаром каждого родителя. Его шестилетняя дочь, Анна, пропала без вести вместе со своей подругой, Джой и, когда минуты превращаются в часы, панические зарегистрируются. Единственное лидерство ... Прочтите все","['Психологический триллер', 'Тайна ожидания', 'Преступление', 'Драма', 'Тайна', 'Триллер']",United States
153,Телохранитель,1961,1h 50m,"Хитрый Ронин приходит в город, разделенный двумя преступными бандами, и решает сыграть их друг против друга, чтобы освободить город.","['Армия с одной личной армией', 'Период драма', 'Самурай', 'Действие', 'Драма', 'Триллер']",Japan
154,В поисках Немо,2003,1h 40m,"После того, как его сын запечатлен в Большом Барьерном рифе и доставлен в Сидней, робкая рыба -клоуна отправляется в путешествие, чтобы привести его домой.","['Приключение животных', 'Приятель комедия', 'Компьютерная анимация', 'Квест', 'Морское приключение', 'Приключение', 'Анимация', 'Комедия', 'Семья']",United States
155,Большой побег,1963,2h 52m,"Союзные офицеры в немецком лагере военнопленного во время Второй мировой войны, составляя смелый план массового побега сотнями их людей, надеясь вытащить немецкий персонал и ресурсы из ... читать все","['Период драма', 'Тюремная драма', 'Военный эпический', 'Приключение', 'Драма', 'Триллер', 'Война']",United States
156,Монти Пайтон и священный Грааль,1975,1h 31m,"Король Артур и его рыцари круглого стола отправляются в сюрреалистический, малобюджетный поиск Святого Грааля, встречающего много, очень глупые препятствия.","['Фарс', 'Пародия', 'Квест', 'Сатира', 'Эскиз комедии', 'Защелка', 'Меч и колдовство', 'Приключение', 'Комедия', 'Фантастика']",United Kingdom
157,Ходячий замок,2004,1h 59m,"Когда неуверенная молодая женщина проклята старым телом злобной ведьмой, ее единственный шанс нарушить заклинание лежит с самодовольным, но небезопасным молодым волшебником и его спутниками ... прочтите все","['Приключенческий эпос', 'Аниме', 'Нарисованная вручную анимацию', 'Сверхъестественная фантазия', 'Приключение', 'Анимация', 'Семья', 'Фантастика']",Japan
158,Человек-слон,1980,2h 4m,"Викторианский хирург спасает сильно изуродованного человека, которому плохо обращается, когда собираясь на жизнь как урод с боковым шоу. За его чудовищным фасадом раскрыт человек доброты, inte ... читать все","['Docudrama', 'Период драма', 'Трагедия', 'Биография', 'Драма']",United States
159,В случае убийства набирайте «М»,1954,1h 45m,"Лондонский плейбой представляет идеальное убийство его богатой, неверной жены.","['Преступление', 'Драма', 'Тайна', 'Триллер']",United States
160,Унесенные ветром,1939,3h 58m,"Закрытая и манипулятивная южная Белль и рогусский спекулятор лицом в бурной романе, когда общество вокруг них рушатся с концом рабства и перестраивается во время гражданского ... читать все","['Драма костюма', 'Эпический', 'Период драма', 'Романтический эпос', 'Трагический роман', 'Военный эпический', 'Драма', 'Роман', 'Война']",United States
161,Расёмон,1950,1h 28m,"Изнасилование невесты и убийство ее мужа -самураев вспоминаются с точек зрения бандита, невесты, призрака самураев и деревянного штампа.","['Период драма', 'Преступление', 'Драма', 'Тайна']",Japan
162,Клаус,2019,1h 36m,"Простой акт доброты всегда вызывает другой, даже в замороженном, далеком месте. Когда новый почтальон Смиеренсбурга, Джеспер, подружился с игрушками Клауса, их дары растают вековую вражду и родом ... прочитайте все","['Нарисованная вручную анимацию', 'Праздничная анимация', 'Праздничная комедия', 'Праздничная семья', 'Приключение', 'Анимация', 'Комедия', 'Семья', 'Фантастика', 'Праздничный день']",Spain
163,Китайский квартал,1974,2h 10m,"Частный детектив, нанятый для разоблачения прелюбодея в 1930 -х годах, Лос -Анджелес оказывается в том, что он попал в сеть обмана, коррупции и убийств.","['Триллер заговора', 'Вершинный детектив', 'Психологическая драма', 'Психологический триллер', 'Трагедия', 'Драма', 'Тайна', 'Триллер']",United States
164,Тайна в его глазах,2009,2h 9m,Пенсионный юриста -консультант пишет роман в надежде найти закрытие для одного из его прошлых неразрешенных случаев убийств и за его незамеченную любовь к своему начальнику - оба из которых все еще преследуют Привет ... все читайте все,"['Темный роман', 'Эротический триллер', 'Легальный триллер', 'Период драма', 'Психологическая драма', 'Психологический триллер', 'Тайна ожидания', 'Трагедия', 'Whodunnit', 'Драма']",Argentina
165,"Карты, деньги, два ствола",1998,1h 47m,"Когда четыре мелких преступника проигрывают сфальсифицированную игру в покер против лондонского короля, он дает им одну неделю, чтобы урегулировать их огромный долг.","['Фарс', 'Комедия', 'Преступление']",United Kingdom
166,Я все еще здесь,2024,Walter Salles,"Женщина вышла замуж за бывшего политика во время военной диктатуры в Бразилии, вынуждена заново изобретать себя и наметить новый курс для своей семьи после насильственного и произвольного акта.","['Docudrama', 'Период драма', 'Политическая драма', 'Биография', 'Драма', 'История']",Brazil
167,«V» значит Вендетта,2005,2h 12m,"В будущем Британском антиутопическом обществе, темный боец ​​свободы, известный только псевдонимом «V», предназначен для свержения тиранического правительства - с помощью молодой женщины.","['Дистопическая научная фантастика', 'Политический триллер', 'Супергерой', 'Действие', 'Драма', 'Научная фантастика', 'Триллер']",United States
168,Головоломка,2015,1h 35m,"После того, как молодая Райли вырвана с ее жизни на Среднем Западе и переехала в Сан -Франциско, ее эмоции - радость, страх, гнев, отвращение и грусть - конфликт с тем, как лучше всего ориентироваться в новом городе, доме и ... прочитать все","['Совершеннолетие', 'Компьютерная анимация', 'Приключение', 'Анимация', 'Комедия', 'Драма', 'Семья', 'Фантастика']",United States
169,Дикий робот,2024,Chris Sanders,"После кораблекрушения умный робот под названием Роз оказался на необитаемом острове. Чтобы выжить в суровой среде, Роз связывается с животными острова и заботится о ребенке с осиротевшими ... читать все","['Искусственный интеллект', 'Компьютерная анимация', 'Выживание', 'Анимация', 'Научная фантастика']",United States
170,"Три билборда на границе Эббинга, Миссури",2017,1h 55m,"Мать лично бросает вызов местным властям раскрыть убийство своей дочери, когда они не могут поймать виновника.","['Темная комедия', 'Сатира', 'Комедия', 'Преступление', 'Драма']",United Kingdom
171,Мост через реку Квай,1957,2h 41m,"Британские военнопленные вынуждены построить железнодорожный мост через реку Кваи для своих японских похитителей в оккупированной Бирме, не зная, что союзные силы планируют смелый коммандос набег ... Прочтите все","['Джунгли Приключение', 'Военный эпический', 'Приключение', 'Драма', 'Война']",United Kingdom
172,На игле,1996,1h 33m,"Рентон, глубоко погруженный на сцену наркотиков в Эдинбурге, пытается убрать и выйти, несмотря на очарование наркотиков и влияние друзей.","['Темная комедия', 'Психологическая драма', 'Драма']",United Kingdom
173,Бешеный бык,1980,2h 9m,"Жизнь боксера Джейка Ламотты, чье насилие и характер, которые привели его к вершине на ринге, разрушила его жизнь вне его.","['Бокс', 'Docudrama', 'Период драма', 'Биография', 'Драма', 'Спорт']",United States
174,"Поймай меня, если сможешь",2002,2h 21m,"Еще 17 еще 17, Фрэнк - опытный фальсификатор, который прошел в качестве врача, адвоката и пилота. Агент ФБР Карл становится одержимым отслеживанием мошенника, который только наслаждается преследованием.","['Капер', 'Совершеннолетие', 'Docudrama', 'Globetrotting Adventure', 'Период драма', 'Истинное преступление', 'Биография', 'Преступление', 'Драма']",United States
175,Фарго,1996,1h 38m,"Продавец автомобилей Миннесоты Джерри Ландегаард непредубеляется из -за того, что он и его приспешники сражаются и постоянную полицейскую работу довольно беременной Мардж Гандерсон.","['Полицейская драма', 'Темная комедия', 'Полицейские процедурные', 'Трагедия', 'Преступление', 'Драма', 'Триллер']",United Kingdom
176,Воин,2011,2h 20m,"Младший сын бывшего боксера -алкоголика возвращается домой, где он обучен своим отцом для соревнований на турнире смешанных боевых искусств - путь, который ставит бойца на столкновение ... Прочтите все","['Бокс', 'Действие', 'Драма', 'Спорт']",United States
177,Гарри Поттер и Дары смерти: Часть II,2011,2h 10m,"По мере того, как битва между силами добра и зла в волшебном мире экранируется, Гарри Поттер приближается к своему последнему противостоянию с Волдемортом.","['Темная фантазия', 'Фэнтезийный эпический', 'Подростковое приключение', 'Подростка фантазия', 'Приключение', 'Семья', 'Фантастика', 'Тайна']",United Kingdom
178,Гран Торино,2008,1h 56m,"После того, как подросток хмонга пытается украсть свой ценный Gran Torino 1972 года, недовольный, предвзятый ветеран Корейской войны стремится искупить и мальчика, и его себя.",['Драма'],Germany
179,Малышка на миллион,2004,2h 12m,"Фрэнки, злоупотребленный старым тренером, неохотно соглашается обучить начинающего боксера Мэгги. Впечатлен ее решимостью и талантом, он помогает ей стать лучшей, и они вскоре составляют близость ... читать все","['Бокс', 'Трагедия', 'Драма', 'Спорт']",United States
180,Мой сосед Тоторо,1988,1h 26m,"Когда две девушки переезжают в страну, чтобы быть рядом с своей больной матерью, у них есть приключения с чудесными лесными духами, которые живут поблизости.","['Аниме', 'Нарисованная вручную анимацию', 'Iyashikei', 'Анимация', 'Комедия', 'Семья', 'Фантастика']",Japan
181,Человек-паук: Нет пути домой,2021,2h 28m,"Теперь, когда личность Человека-паука раскрыта, Питер просит доктора Стрэнджа о помощи. Когда заклинание идет неправильно, начинают появляться опасные враги из других миров.","['Супергерой', 'Сверхъестественная фантазия', 'Городское приключение', 'Действие', 'Приключение', 'Фантастика', 'Научная фантастика']",United States
182,Безумный Макс: Дорога ярости,2015,2h,"В постсопокалиптической пустоши женщина-восстает против тиранического правителя в поисках своей родины с помощью группы женских заключенных, психотического поклонника и дрифтера по имени ... Прочтите все","['Действие Эпик', 'Приключенческий эпос', 'Автомобильное действие', 'Пустынное приключение', 'Дистопическая научная фантастика', 'Эпический', 'Квест', 'Дорожная поездка', 'Действие', 'Приключение']",Australia
183,Бен-Гур,1959,3h 32m,"Еврейский принц предан и отправлен в рабство римским другом в Иерусалиме 1-го века, но вскоре он восстановит свою свободу и вернется за мести.","['Приключенческий эпос', 'Эпический', 'Период драма', 'Меч и сандалия', 'Приключение', 'Драма']",United States
184,Дети небес,1997,1h 29m,"После того, как мальчик теряет пару туфель своей сестры, он отправляется в серию приключений, чтобы найти их. Когда он не может, он пробует новый способ «выиграть» новую пару.","['Драма', 'Семья', 'Спорт']",Iran
185,Барри Линдон,1975,3h 5m,Ирландский мошенник выигрывает сердце богатой вдовы и занимает аристократическую должность ее мертвого мужа в Англии 18-го века.,"['Драма костюма', 'Темная комедия', 'Эпический', 'Период драма', 'Приключение', 'Драма', 'Война']",United Kingdom
186,12 лет рабства,2013,2h 14m,"В антебеллуме Соломон Нортуп, свободный черный человек из северной части штата Нью -Йорк, похищен и продается в рабство.","['Драма костюма', 'Docudrama', 'Эпический', 'Период драма', 'Трагедия', 'Биография', 'Драма', 'История']",United Kingdom
187,Перед рассветом,1995,1h 41m,"Молодой мужчина и женщина встречаются в поезде в Европе, и однажды вечером проводят вместе в Вене. К сожалению, оба знают, что это, вероятно, будет их единственной ночью вместе.","['Драма', 'Роман']",United States
188,Общество мёртвых поэтов,1989,2h 8m,"Учитель Маверика Джон Китинг возвращается в 1959 году в престижную школу для мальчиков в Новой Англии, где когда -то был звездным учеником, используя поэзию, чтобы ободрить своих учеников к новым высотам sel ... Прочтите все","['Совершеннолетие', 'Подростка драма', 'Комедия', 'Драма']",United States
189,Бегущий по лезвию,1982,1h 57m,"Бегущий по лезвию должен преследовать и прекратить четыре репликанта, которые украли корабль в космосе и вернулись на Землю, чтобы найти своего создателя.","['Искусственный интеллект', 'Кибер -триллер', 'Киберпанк', 'Дистопическая научная фантастика', 'Действие', 'Драма', 'Научная фантастика', 'Триллер']",United States
190,Отель «Гранд Будапешт»,2014,1h 39m,"Писатель встречает владельца стареющего отеля высокого класса, который рассказывает ему о его первых годах, когда он служил лобби-мальчиком в славные годы отеля под исключительным консьержем.","['Капер', 'Причудливая комедия', 'Приключение', 'Комедия', 'Преступление']",United States
191,По соображениям совести,2016,2h 19m,"Вторая мировая война Американская армия Медик Десмонд Т. Досс, служащий во время битвы при Окинаве, отказывается убивать людей и становится первым человеком в американской истории, получившей медаль почетного остроумия ... Прочтите все","['Docudrama', 'Эпический', 'Период драма', 'Военный эпический', 'Биография', 'Драма', 'История', 'Война']",United States
192,Исчезнувшая,2014,2h 29m,Муж пропавшей женщины становится главным подозреваемой в ее исчезновении.,"['Эротический триллер', 'Психологическая драма', 'Психологический триллер', 'Тайна ожидания', 'Трагедия', 'Whodunnit', 'Драма', 'Тайна', 'Триллер']",United States
193,Воспоминания об убийстве,2003,2h 11m,"В маленькой корейской провинции в 1986 году два детектива борются со случаем того, что многочисленные молодые женщины обнаружили и изнасилованы и убиты неизвестным виновником.","['Темная комедия', 'Корейская драма', 'Полицейские процедурные', 'Серийный убийца', 'Истинное преступление', 'Преступление', 'Драма', 'Тайна', 'Триллер']",South Korea
194,Во имя отца,1993,2h 13m,"Принудительное признание ирландского мужчины к И.Р.А. Бомбардировка он не совершил приводит к тюремному заключению и отца. Тем временем британский адвокат борется, чтобы очистить свои имена и бесплатно т ... прочитать все","['Docudrama', 'Юридическая драма', 'Период драма', 'Тюремная драма', 'Трагедия', 'Истинное преступление', 'Биография', 'Преступление', 'Драма']",Ireland
195,Корпорация монстров,2001,1h 32m,"Чтобы питать город, монстры должны пугать детей, чтобы они кричали. Тем не менее, дети токсичны для монстров, и после того, как ребенок проходит, два монстра осознают вещи ... Прочитайте все","['Приятель комедия', 'Компьютерная анимация', 'Сатира', 'Защелка', 'Сверхъестественная фантазия', 'Городское приключение', 'Приключение', 'Анимация', 'Комедия', 'Семья']",United States
196,Рататуй,2007,1h 51m,"Крыса, которая может готовить, составляет необычный союз с молодым кухонным работником в знаменитом парижском ресторане.","['Приключение животных', 'Компьютерная анимация', 'Сатира', 'Приключение', 'Анимация', 'Комедия', 'Семья', 'Фантастика']",United States
197,Золотая лихорадка,1925,1h 35m,"Разведчик отправляется в Клондайк во время золотой лихорадки 1890 -х годов в надежде сделать его состояние, и его поразит девушкой, которую он видит в танцевальном зале.","['Фарс', 'Хороший роман', 'Романтическая комедия', 'Защелка', 'Приключение', 'Комедия', 'Драма', 'Роман', 'Западный']",United States
198,Дикие истории,2014,Damián Szifron,"Шесть коротких рассказов, которые исследуют конечности человеческого поведения с участием людей в страданиях.","['Темная комедия', 'Комедия', 'Драма', 'Триллер']",Argentina
199,Как приручить дракона,2010,1h 38m,"Несчастный молодой викинг, который стремится охотиться на драконов, становится маловероятным другом самого молодого дракона и узнает, что существует больше для существ, чем он предполагал.","['Компьютерная анимация', 'Меч и колдовство', 'Подростка фантазия', 'Действие', 'Приключение', 'Анимация', 'Семья', 'Фантастика']",United States
200,Шерлок младший,1924,45m,"Кино -проекционист жаждет стать детективом и ставит свои скудные навыки на работу, когда его создает соперник за кражу карманных часов его подруги.","['Ушиение детектива', 'Фарс', 'Хороший роман', 'Защелка', 'Действие', 'Комедия', 'Роман']",United States
201,Челюсти,1975,2h 4m,"Когда массивная убийственная акула развязывает хаос на пляжном сообществе у Лонг -Айленда, она зависит от местного шерифа, морского биолога и старого моряка, чтобы охотиться на зверя.","['Монстр ужас', 'Морское приключение', 'Выживание', 'Приключение', 'Драма', 'Ужас', 'Триллер']",United States
202,Мэри и Макс,2009,1h 32m,В 1976 году в Мельбурне одинокая 8-летняя девочка поднимает переписку с маловероятным приятелем по переписке: 44-летний 44-летний житель Нью-Йорка с синдромом Аспергера.,"['Анимация для взрослых', 'Совершеннолетие', 'Темная комедия', 'Остановить анимацию движения', 'Анимация', 'Комедия', 'Драма']",Australia
203,Охотник на оленей,1978,3h 3m,"Углубленное изучение способов, которыми война во Вьетнаме влияет и нарушает жизнь нескольких друзей в маленьком сталелитейном заводе в Пенсильвании.","['Эпический', 'Военный эпический', 'Драма', 'Война']",United States
204,Паровоз Генерал,1926,1h 18m,"После того, как его отвергли военные Конфедерации, не осознавая, что это было связано с его важнейшей гражданской ролью, инженер должен в одиночку вернуть себе любимый локомотив после его захвата ... Прочтите все","['Фарс', 'Защелка', 'Действие', 'Приключение', 'Комедия', 'Драма', 'Война']",United States
205,Ford против Ferrari,2019,2h 32m,"Американский дизайнер автомобилей Кэрролл Шелби и водитель Кен Майлз битва корпоративное вмешательство и законы физики для строительства революционного гоночного автомобиля для Ford, чтобы победить Ferrari на 2 ... Прочтите все","['Docudrama', 'Motorsport', 'Период драма', 'Действие', 'Биография', 'Драма', 'Спорт']",United States
206,Плата за страх,1953,2h 36m,"В дряхлевой южноамериканской деревне нанимаются четверо мужчин для перевозки неотложной грузоподъемности нитроглицерина без оборудования, которое сделало бы его безопасным.","['Психологическая драма', 'Выживание', 'Приключение', 'Драма', 'Триллер']",France
207,В порту,1954,1h 48m,"Экс-боец, превратившийся из Нью-Джерси Лонгшореман, изо всех сил пытается противостоять своим коррумпированным боссам Союза, включая его старшего брата, когда он начинает общаться с скорбящей сестрой одной из ... читайте все","['Юридическая драма', 'Легальный триллер', 'Преступление', 'Драма', 'Триллер']",United States
208,Мистер Смит едет в Вашингтон,1939,2h 9m,"Наивный молодежный лидер назначается для заполнения вакансии в Сенате США. Его идеалистические планы быстро сталкиваются с коррупцией дома и уловкой от своего героя в Вашингтоне, но он пытается ... читать все","['Политическая драма', 'Комедия', 'Драма']",United States
209,Земляничная поляна,1957,1h 32m,"Проживая жизнь, отмеченную холодом, стареющий профессор вынужден противостоять пустоте своего существования.","['Психологическая драма', 'Драма', 'Роман']",Sweden
210,Логан,2017,2h 17m,"В будущем, где мутанты почти вымерли, пожилые люди и утомленный Логан ведет тихую жизнь. Но когда Лора, мутант -ребенок, преследуемый учеными, приходит к нему за помощью, он должен заставить ее ... прочитать все","['Дистопическая научная фантастика', 'Дорожная поездка', 'Супергерой', 'Действие', 'Драма', 'Научная фантастика', 'Триллер']",United States
211,Третий человек,1949,1h 44m,"Романист из целлюлозы Холли Мартинс путешествует в тенистую, послевоенную Вену, только чтобы расследовать загадочную смерть старого друга Гарри Лайма.","['Фильм нуар', 'Вершинный детектив', 'Whodunnit', 'Драма', 'Тайна', 'Триллер']",United Kingdom
212,Рокки,1976,2h,"Небольшой боксер из Филадельфии получает чрезвычайно редкий шанс сразиться с чемпионом мира в супертяжелом весе, в котором он стремится пройти дистанцию ​​для своего самоуважения.","['Бокс', 'Драма', 'Спорт']",United States
213,Махараджа,2024,Nithilan Saminathan,"Парикмахер ищет мести после того, как его дом будет ограблен, загадочно рассказывает полиции, что его «Лакшми» был взят, оставив их неопределенными, если это человек или объект. Его стремление восстановить E ... прочитать все","['Армия с одной личной армией', 'Действие', 'Преступление', 'Драма', 'Триллер']",India
214,Токийская повесть,1953,2h 17m,"Старая пара посещает их детей и внуков в городе, но уделяет мало внимания.","['Психологическая драма', 'Драма']",Japan
215,Большой Лебовски,1998,1h 57m,"Джефф ""Чувак"" Лебовски, ошибочный за одноименное миллионера, ищет реституцию за его разрушенный коврик и заполняет своих приятелей для боулинга, чтобы помочь получить его.","['Приятель комедия', 'Преступление на наркотиках', 'Сатира', 'Стоунер комедия', 'Комедия', 'Преступление']",United Kingdom
216,В центре внимания,2015,2h 9m,"Истинная история о том, как Бостонский глобус раскрыл массовый скандал с пристанием к ребенку и прикрытию в местной католической архиепархии, встряхивая всю католическую церковь.","['Docudrama', 'Юридическая драма', 'Период драма', 'Истинное преступление', 'Драма на рабочем месте', 'Биография', 'Преступление', 'Драма']",United States
217,Седьмая печать,1957,1h 36m,"Рыцарь, возвращающийся в Швецию после того, как крестовые походы ищут ответы о жизни, смерти и существовании Бога, когда Он играет в шахмат против мрачного жнеца во время черной чумы.","['Психологическая драма', 'Драма', 'Фантастика']",Sweden
218,Терминатор,1984,1h 47m,"Киборгский убийца из будущих попыток найти и убить молодую женщину, которой суждено родить воина, который приведет к сопротивлению спасению человечества от исчезновения.","['Искусственный интеллект', 'Киберпанк', 'Дистопическая научная фантастика', 'Путешествие во времени', 'Городское приключение', 'Действие', 'Приключение', 'Научная фантастика']",United Kingdom
219,Комната,2015,1h 58m,"Маленький мальчик держит в плену в комнате со своей матерью с момента его рождения, поэтому он никогда не знал мир снаружи.","['Психологическая драма', 'Драма', 'Триллер']",Ireland
220,Пираты Карибского моря: Проклятие Чёрной жемчужины,2003,2h 23m,"Кузнец будет объединяться с эксцентричным пиратским «капитаном» Джеком Воробей, чтобы спасти Элизабет Суонн, дочь губернатора и его любовь, от бывших пиратских союзников Джека, которые сейчас удильны ... читайте все","['Морское приключение', 'Сверхъестественная фантазия', 'Swashbuckler', 'Меч и сандалия', 'Действие', 'Приключение', 'Фантастика']",United States
221,Ненависть,1995,1h 38m,24 часа в жизни трех молодых людей во французских пригородах на следующий день после жестокого бунта.,"['Гангстер', 'Психологическая драма', 'Преступление', 'Драма']",France
222,Да прольётся свет,2021,2h 44m,"Когда племенный мужчина арестован по делу о предполагаемой краже, его жена обращается к адвокату по правам человека, чтобы помочь принести справедливость.","['Юридическая драма', 'Преступление', 'Драма']",India
223,Отель «Руанда»,2004,2h 1m,"Пол Русесабагина, менеджер отеля, размещает более тысячи беженцев тутси во время их борьбы с милицией хуту в Руанде, Африка.","['Docudrama', 'Эпический', 'Биография', 'Драма', 'История', 'Война']",United States
224,Взвод,1986,2h,"Крис Тейлор, новобранец неофит во Вьетнаме, оказывается пойманным в битве завещания между двумя сержантами, одним добром и другом злом. Проницательное исследование жестокости войны и ... прочитайте все","['Драма', 'Война']",United States
225,Перед закатом,2004,Richard Linklater,"Через девять лет после того, как Джесси и Селин впервые встретились, они снова сталкиваются друг с другом на французском этапе книжного тура Джесси.","['Драма', 'Роман']",France
226,Лучшие годы нашей жизни,1946,2h 50m,"Три ветерана Второй мировой войны, два из которых были травмированы или инвалиды, возвращаются домой на американский Средний Запад, чтобы обнаружить, что они и их семьи были непоправимо изменились.","['Эпический', 'Хороший роман', 'Драма', 'Роман', 'Война']",United States
227,Изгоняющий дьявола,1973,2h 2m,"Когда таинственная сущность обладает молодой девушкой, ее мать ищет помощи двух католических священников, чтобы спасти ее жизнь.","['Ужас тела', 'Сверхъестественный ужас', 'Ужас']",United States
228,Страсти Жанны д'Арк,1928,1h 50m,В 1431 году Жанна Д'Арк предназначена для суда по обвинению в ересь. Церковные юристы пытаются заставить Жанну отречься от ее требований святых видений.,"['Юридическая драма', 'Период драма', 'Психологическая драма', 'Трагедия', 'Биография', 'Драма', 'История']",France
229,Волшебник страны Оз,1939,1h 42m,"Молодая Дороти Гейл и ее собака Тото сметают торнадо от их Канзасской фермы на волшебную страну Оз и отправляются на поиски с тремя новыми друзьями, чтобы увидеть волшебника, который может переоценить ... читать все","['Приключенческий эпос', 'Классический мюзикл', 'Сказка', 'Фэнтезийный эпический', 'Квест', 'Приключение', 'Семья', 'Фантастика', 'Мюзикл']",United States
230,Суперсемейка,2004,1h 55m,"Пытаясь вести тихую пригородную жизнь, семья тайных супергероев вынуждена спасти мир.","['Компьютерная анимация', 'Супергерой', 'Городское приключение', 'Действие', 'Приключение', 'Анимация', 'Семья']",United States
231,Звуки музыки,1965,2h 52m,"В 1930 -х годах ее монастырь послал молодой новичок, чтобы стать гувернантой семерыми детьми овдовевшего военно -морского офицера.","['Классический мюзикл', 'Эпический', 'Период драма', 'Биография', 'Драма', 'Семья', 'Мюзикл', 'Роман']",United States
232,Гонка,2013,2h 3m,"Джеймс Хант и Ники Лауда, два чрезвычайно опытных гонщика Формулы -1, имеют сильное соперничество друг с другом. Тем не менее, именно их вражда толкает их до предела.","['Docudrama', 'Motorsport', 'Период драма', 'Биография', 'Драма', 'Спорт']",United Kingdom
233,Хатико: самый верный друг,2009,Lasse Hallström,"Профессор Уилсон обнаруживает потерянного щенка Акиты по дороге домой. Несмотря на возражения со стороны своей жены, Хачи постигает себя семье и становится верным компаньоном Паркера. Как их связь g ... прочитайте все","['Приключение животных', 'Биография', 'Драма', 'Семья']",United Kingdom
234,Останься со мной,1986,1h 29m,"Писатель рассказывает о детском путешествии со своими друзьями, чтобы найти тело пропавшего мальчика.","['Совершеннолетие', 'Темная комедия', 'Квест', 'Приключение', 'Комедия', 'Драма']",United States
235,Телесеть,1976,2h 1m,"Телевизионная сеть цинично использует ненормативные бреды бывшего якоря и откровения о средствах массовой информации для своей собственной прибыли, но обнаруживает, что его сообщение может быть трудно контролировать.","['Темная комедия', 'Драма на рабочем месте', 'Драма']",United States
236,Истребитель демонов: Битва в доме Цудзуми,2021,Koyoharu Gotouge,"Танджиро отправляется на юго-юго-восток, где он сталкивается с трусливым молодым человеком по имени Зенитсу Агацума. Он выживший из финального отбора, и его воробей просит Танджиро помочь Ки ... прочитать все","['Аниме', 'Действие', 'Анимация', 'Фантастика']",Japan
237,Мой отец и мой сын,2005,Çagan Irmak,Семья левого журналиста разрывается после военного переворота Турции в 1980 году.,"['Драма', 'Семья']",Turkey
238,Служанка,2016,2h 25m,"В 1930 -х годах, Корея, девушка нанимается в качестве служанки японской наследнице, которая живет уединенной жизнью в сельской местности. Но у горничной есть секрет: она - карманник, завербованный мошенничеством ... Прочтите все","['Темный роман', 'Эротический триллер', 'Психологический триллер', 'Парочный роман', 'Драма', 'Роман', 'Триллер']",South Korea
239,Стальной гигант,1999,1h 26m,"Молодой мальчик подружился с гигантским роботом из космоса, который хочет уничтожить параноидный правительственный агент.","['Инопланетное вторжение', 'Искусственный интеллект', 'Нарисованная вручную анимацию', 'Комедия с высокой концепцией', 'Кайджу', 'Космическая научная фантастика', 'Действие', 'Приключение', 'Анимация', 'Комедия']",United States
240,Быть или не быть,1942,1h 39m,Во время немецкой оккупации Польши действующая труппа становится втянутой в усилия польского солдата по отслеживанию немецкого шпиона.,"['Винтбол комедия', 'Комедия', 'Роман', 'Война']",United States
241,Битва за Алжир,1966,2h 1m,"В 1950 -х годах страх и насилие растут, когда народ Алжира борются за независимость со стороны французского правительства.","['Docudrama', 'Политическая драма', 'Драма', 'Война']",Italy
242,В диких условиях,2007,2h 28m,"После окончания Университета Эмори ведущий студент и спортсмен Кристофер МакКандлесс отказывается от его имущества, придает весь его сберегательный счет в размере 24 000 долларов на благотворительность и автостоп.","['Совершеннолетие', 'Docudrama', 'Дорожная поездка', 'Выживание', 'Трагедия', 'Приключение', 'Биография', 'Драма']",United States
243,Гроздья гнева,1940,2h 9m,"Семья штата Оклахома, изгнанная с фермы по бедности и безнадежности пылевой чаши, присоединяется к миграции на запад в Калифорнию, страдая от несчастья бездомных в Великом ... Прочтите все",['Драма'],United States
244,День сурка,1993,1h 41m,"Нарциссический, эгоистичный метеоролог оказывается в временной цикле в день сурка.","['Хороший роман', 'Комедия с высокой концепцией', 'Праздничная комедия', 'Праздничный роман', 'Романтическая комедия', 'Комедия', 'Драма', 'Фантастика', 'Роман']",United States
245,Форма голоса,2016,2h 10m,"Глухая девушка, Шоко, издевается популярной Шайей. Когда Шоя продолжает запугать Шоко, класс возвращается на него. Шоко переводится, а Shoya растет как изгоя. В одиночестве и в депрессии ... прочтите все","['Аниме', 'Совершеннолетие', 'Психологическая драма', 'Shōnen', 'Ломтик жизни', 'Анимация', 'Драма']",Japan
246,Прислуга,2011,2h 26m,"Начинающий автор во время движения за гражданские права 1960 -х годов решает написать книгу, подробно описывающую точку зрения афроамериканских горничных на белых семьях, для которых они работают, и ... прочитайте все","['Период драма', 'Драма']",United States
247,Сука любовь,2000,2h 34m,"Любительский боец ​​собаки, супермодель и заброшенная убийца, все они изо всех сил пытаются найти любовь, находят свою жизнь, преобразованную разрушительной автомобильной аварией в Мехико.","['Трагедия', 'Драма', 'Триллер']",Mexico
248,Ребекка,1940,2h 10m,Самосознательная женщина жонглирует приспособленной к своей новой роли жены аристократа и избегая запугивания спектрального присутствия его первой жены.,"['Темный роман', 'Психологическая драма', 'Психологический триллер', 'Тайна ожидания', 'Драма', 'Тайна', 'Роман', 'Триллер']",United States
249,Видимость,2015,2h 43m,"Отчаянные меры принимаются человеком, который пытается спасти свою семью от темной стороны закона, после того, как они совершили неожиданное преступление.","['Преступление', 'Драма', 'Тайна', 'Триллер']",India
